[
{
  "model": "auth.user",
  "pk": 1,
  "fields": {
    "password": "pbkdf2_sha256$36000$aw8zbwfkGfu4$K/KVIVISry2AySobCvAbeBQp7BKYHPr+8qRtv5exDbY=",
    "last_login": null,
    "is_superuser": false,
    "username": "user0",
    "first_name": "",
    "last_name": "",
    "email": "user0@example.com",
    "is_staff": false,
    "is_active": true,
    "date_joined": "2018-05-02T23:43:06.986Z",
    "groups": [],
    "user_permissions": []
  }
},
{
  "model": "auth.user",
  "pk": 2,
  "fields": {
    "password": "pbkdf2_sha256$36000$NGPztlHNd4li$k+o5uIwe7TIfHUGoSm4xkJeLlCHBBuyBTPiBrK7EWpI=",
    "last_login": null,
    "is_superuser": false,
    "username": "user1",
    "first_name": "",
    "last_name": "",
    "email": "user1@example.com",
    "is_staff": false,
    "is_active": true,
    "date_joined": "2018-05-02T23:43:07.044Z",
    "groups": [],
    "user_permissions": []
  }
},
{
  "model": "auth.user",
  "pk": 3,
  "fields": {
    "password": "pbkdf2_sha256$36000$ytFX1au1Nbob$u7YrxbtJm54C3UaOwBE03HyEslj81AITchuvIDz7twg=",
    "last_login": null,
    "is_superuser": false,
    "username": "user2",
    "first_name": "",
    "last_name": "",
    "email": "user2@example.com",
    "is_staff": false,
    "is_active": true,
    "date_joined": "2018-05-02T23:43:07.102Z",
    "groups": [],
    "user_permissions": []
  }
},
{
  "model": "auth.user",
  "pk": 4,
  "fields": {
    "password": "pbkdf2_sha256$36000$ORsalXeSSMnv$/PZnz1cwFIFHCsHwFkla8T4WZDcMTCgHsrg58BstVmE=",
    "last_login": null,
    "is_superuser": false,
    "username": "user3",
    "first_name": "",
    "last_name": "",
    "email": "user3@example.com",
    "is_staff": false,
    "is_active": true,
    "date_joined": "2018-05-02T23:43:07.158Z",
    "groups": [],
    "user_permissions": []
  }
},
{
  "model": "auth.user",
  "pk": 5,
  "fields": {
    "password": "pbkdf2_sha256$36000$ujrbmTiMkPdi$TOeysRXseronsOf0J3VxoE92vLN5K+Pvkvj90K8UzuA=",
    "last_login": null,
    "is_superuser": false,
    "username": "user4",
    "first_name": "",
    "last_name": "",
    "email": "user4@example.com",
    "is_staff": false,
    "is_active": true,
    "date_joined": "2018-05-02T23:43:07.213Z",
    "groups": [],
    "user_permissions": []
  }
},
{
  "model": "auth.user",
  "pk": 6,
  "fields": {
    "password": "pbkdf2_sha256$36000$pb7wuZSxwyQk$NCED2uUcvQ5MjYEgh1eaNIYGnB6Vlp3hwih1wwsDn5k=",
    "last_login": null,
    "is_superuser": false,
    "username": "user5",
    "first_name": "",
    "last_name": "",
    "email": "user5@example.com",
    "is_staff": false,
    "is_active": true,
    "date_joined": "2018-05-02T23:43:07.270Z",
    "groups": [],
    "user_permissions": []
  }
},
{
  "model": "auth.user",
  "pk": 7,
  "fields": {
    "password": "pbkdf2_sha256$36000$lFTqfUdnH3jM$RuFRI6mL+OVW/fVd9j3F5oWt2TAWAIBDDZxztsDY+iI=",
    "last_login": null,
    "is_superuser": false,
    "username": "user6",
    "first_name": "",
    "last_name": "",
    "email": "user6@example.com",
    "is_staff": false,
    "is_active": true,
    "date_joined": "2018-05-02T23:43:07.328Z",
    "groups": [],
    "user_permissions": []
  }
},
{
  "model": "auth.user",
  "pk": 8,
  "fields": {
    "password": "pbkdf2_sha256$36000$oWtjTZLmFqnM$8TXkG+tXSxHSnLmeaNSeRaq1J6qp6mlhJDMkuxUdl4g=",
    "last_login": null,
    "is_superuser": false,
    "username": "user7",
    "first_name": "",
    "last_name": "",
    "email": "user7@example.com",
    "is_staff": false,
    "is_active": true,
    "date_joined": "2018-05-02T23:43:07.383Z",
    "groups": [],
    "user_permissions": []
  }
},
{
  "model": "auth.user",
  "pk": 9,
  "fields": {
    "password": "pbkdf2_sha256$36000$74Xr5M4NfspF$oTOQ56h2i60aL9KNPdSIvvPHs78UTnLgWsOGwi/eflA=",
    "last_login": null,
    "is_superuser": false,
    "username": "user8",
    "first_name": "",
    "last_name": "",
    "email": "user8@example.com",
    "is_staff": false,
    "is_active": true,
    "date_joined": "2018-05-02T23:43:07.438Z",
    "groups": [],
    "user_permissions": []
  }
},
{
  "model": "auth.user",
  "pk": 10,
  "fields": {
    "password": "pbkdf2_sha256$36000$BvOS2J0kYTVd$jbA/lHHTIvxQNfaJq0KhwTvU4BF+/RwbEHCs8FMvD0g=",
    "last_login": null,
    "is_superuser": false,
    "username": "user9",
    "first_name": "",
    "last_name": "",
    "email": "user9@example.com",
    "is_staff": false,
    "is_active": true,
    "date_joined": "2018-05-02T23:43:07.493Z",
    "groups": [],
    "user_permissions": []
  }
},
{
  "model": "companies.country",
  "pk": 1,
  "fields": {
    "iso_code": "TRY",
    "name": "Nicaragua"
  }
},
{
  "model": "companies.country",
  "pk": 2,
  "fields": {
    "iso_code": "OMR",
    "name": "Equatorial Guinea"
  }
},
{
  "model": "companies.country",
  "pk": 3,
  "fields": {
    "iso_code": "KES",
    "name": "Australia"
  }
},
{
  "model": "companies.country",
  "pk": 4,
  "fields": {
    "iso_code": "RON",
    "name": "Reunion"
  }
},
{
  "model": "companies.country",
  "pk": 5,
  "fields": {
    "iso_code": "GIP",
    "name": "Palestinian Territory"
  }
},
{
  "model": "companies.company",
  "pk": 1,
  "fields": {
    "created": "2018-05-02T23:43:07.605Z",
    "modified": "2018-05-02T23:43:07.606Z",
    "companies_house_id": "",
    "name": "Ellison PLC",
    "description": "",
    "date_founded": "2018-04-28",
    "country": 4,
    "creator": 7,
    "monitors": [
      3
    ]
  }
},
{
  "model": "companies.company",
  "pk": 2,
  "fields": {
    "created": "2018-05-02T23:43:07.629Z",
    "modified": "2018-05-02T23:43:07.629Z",
    "companies_house_id": "",
    "name": "Williams-Barker",
    "description": "",
    "date_founded": "2018-04-02",
    "country": 2,
    "creator": 4,
    "monitors": [
      6
    ]
  }
},
{
  "model": "companies.company",
  "pk": 3,
  "fields": {
    "created": "2018-05-02T23:43:07.648Z",
    "modified": "2018-05-02T23:43:07.648Z",
    "companies_house_id": "",
    "name": "Gomez, Williams and Welch",
    "description": "",
    "date_founded": "2018-04-10",
    "country": 3,
    "creator": 6,
    "monitors": []
  }
},
{
  "model": "companies.company",
  "pk": 4,
  "fields": {
    "created": "2018-05-02T23:43:07.653Z",
    "modified": "2018-05-02T23:43:07.654Z",
    "companies_house_id": "",
    "name": "Schmidt Ltd",
    "description": "",
    "date_founded": "2018-04-21",
    "country": 4,
    "creator": 5,
    "monitors": [
      2,
      6,
      7,
      8,
      9
    ]
  }
},
{
  "model": "companies.company",
  "pk": 5,
  "fields": {
    "created": "2018-05-02T23:43:07.705Z",
    "modified": "2018-05-02T23:43:07.705Z",
    "companies_house_id": "",
    "name": "Davila, Richardson and Contreras",
    "description": "",
    "date_founded": "2018-04-26",
    "country": 5,
    "creator": 6,
    "monitors": [
      8
    ]
  }
},
{
  "model": "companies.company",
  "pk": 6,
  "fields": {
    "created": "2018-05-02T23:43:07.725Z",
    "modified": "2018-05-02T23:43:07.725Z",
    "companies_house_id": "",
    "name": "Williams, Rhodes and Morrison",
    "description": "",
    "date_founded": "2018-04-05",
    "country": 5,
    "creator": 4,
    "monitors": []
  }
},
{
  "model": "companies.company",
  "pk": 7,
  "fields": {
    "created": "2018-05-02T23:43:07.734Z",
    "modified": "2018-05-02T23:43:07.734Z",
    "companies_house_id": "",
    "name": "Jones-Martin",
    "description": "",
    "date_founded": "2018-04-07",
    "country": 3,
    "creator": 4,
    "monitors": [
      1,
      10
    ]
  }
},
{
  "model": "companies.company",
  "pk": 8,
  "fields": {
    "created": "2018-05-02T23:43:07.765Z",
    "modified": "2018-05-02T23:43:07.765Z",
    "companies_house_id": "",
    "name": "Wilson Inc",
    "description": "",
    "date_founded": "2018-04-25",
    "country": 5,
    "creator": 5,
    "monitors": []
  }
},
{
  "model": "companies.company",
  "pk": 9,
  "fields": {
    "created": "2018-05-02T23:43:07.772Z",
    "modified": "2018-05-02T23:43:07.772Z",
    "companies_house_id": "",
    "name": "Mullen, Arroyo and Bridges",
    "description": "",
    "date_founded": "2018-04-11",
    "country": 4,
    "creator": 1,
    "monitors": [
      1,
      8,
      10
    ]
  }
},
{
  "model": "companies.company",
  "pk": 10,
  "fields": {
    "created": "2018-05-02T23:43:07.810Z",
    "modified": "2018-05-02T23:43:07.811Z",
    "companies_house_id": "",
    "name": "Mitchell-Silva",
    "description": "",
    "date_founded": "2018-04-06",
    "country": 2,
    "creator": 9,
    "monitors": [
      9
    ]
  }
},
{
  "model": "companies.company",
  "pk": 11,
  "fields": {
    "created": "2018-05-02T23:43:07.833Z",
    "modified": "2018-05-02T23:43:07.833Z",
    "companies_house_id": "",
    "name": "Dickson-Ramirez",
    "description": "",
    "date_founded": "2018-04-14",
    "country": 3,
    "creator": 8,
    "monitors": [
      10
    ]
  }
},
{
  "model": "companies.company",
  "pk": 12,
  "fields": {
    "created": "2018-05-02T23:43:07.858Z",
    "modified": "2018-05-02T23:43:07.858Z",
    "companies_house_id": "",
    "name": "Dixon-Stone",
    "description": "",
    "date_founded": "2018-04-15",
    "country": 2,
    "creator": 4,
    "monitors": [
      4,
      6,
      7,
      8,
      10
    ]
  }
},
{
  "model": "companies.company",
  "pk": 13,
  "fields": {
    "created": "2018-05-02T23:43:07.914Z",
    "modified": "2018-05-02T23:43:07.915Z",
    "companies_house_id": "",
    "name": "Pineda-Williams",
    "description": "",
    "date_founded": "2018-04-22",
    "country": 5,
    "creator": 10,
    "monitors": []
  }
},
{
  "model": "companies.company",
  "pk": 14,
  "fields": {
    "created": "2018-05-02T23:43:07.921Z",
    "modified": "2018-05-02T23:43:07.921Z",
    "companies_house_id": "",
    "name": "Johnson Ltd",
    "description": "",
    "date_founded": "2018-04-24",
    "country": 4,
    "creator": 6,
    "monitors": [
      2,
      10
    ]
  }
},
{
  "model": "companies.company",
  "pk": 15,
  "fields": {
    "created": "2018-05-02T23:43:07.954Z",
    "modified": "2018-05-02T23:43:07.954Z",
    "companies_house_id": "",
    "name": "Peck, Coffey and Villegas",
    "description": "",
    "date_founded": "2018-04-12",
    "country": 3,
    "creator": 10,
    "monitors": [
      1,
      8
    ]
  }
},
{
  "model": "companies.company",
  "pk": 16,
  "fields": {
    "created": "2018-05-02T23:43:07.987Z",
    "modified": "2018-05-02T23:43:07.987Z",
    "companies_house_id": "",
    "name": "Fuller-Oliver",
    "description": "",
    "date_founded": "2018-04-17",
    "country": 4,
    "creator": 10,
    "monitors": []
  }
},
{
  "model": "companies.company",
  "pk": 17,
  "fields": {
    "created": "2018-05-02T23:43:07.994Z",
    "modified": "2018-05-02T23:43:07.994Z",
    "companies_house_id": "",
    "name": "Hall and Sons",
    "description": "",
    "date_founded": "2018-04-04",
    "country": 1,
    "creator": 3,
    "monitors": []
  }
},
{
  "model": "companies.company",
  "pk": 18,
  "fields": {
    "created": "2018-05-02T23:43:08.002Z",
    "modified": "2018-05-02T23:43:08.002Z",
    "companies_house_id": "",
    "name": "Shaw-Lopez",
    "description": "",
    "date_founded": "2018-04-30",
    "country": 1,
    "creator": 9,
    "monitors": [
      1,
      4,
      7,
      9
    ]
  }
},
{
  "model": "companies.company",
  "pk": 19,
  "fields": {
    "created": "2018-05-02T23:43:08.049Z",
    "modified": "2018-05-02T23:43:08.049Z",
    "companies_house_id": "",
    "name": "Moore-Smith",
    "description": "",
    "date_founded": "2018-04-27",
    "country": 3,
    "creator": 2,
    "monitors": [
      4,
      8,
      9,
      10
    ]
  }
},
{
  "model": "companies.company",
  "pk": 20,
  "fields": {
    "created": "2018-05-02T23:43:08.095Z",
    "modified": "2018-05-02T23:43:08.095Z",
    "companies_house_id": "",
    "name": "Holland LLC",
    "description": "",
    "date_founded": "2018-04-06",
    "country": 5,
    "creator": 1,
    "monitors": [
      6,
      7
    ]
  }
},
{
  "model": "companies.deal",
  "pk": 1,
  "fields": {
    "created": "2018-05-02T23:43:08.123Z",
    "modified": "2018-05-02T23:43:08.124Z",
    "company": 12,
    "date_of_deal": "2010-01-27",
    "amount_raised": 7627537.0
  }
},
{
  "model": "companies.deal",
  "pk": 2,
  "fields": {
    "created": "2018-05-02T23:43:08.130Z",
    "modified": "2018-05-02T23:43:08.130Z",
    "company": 14,
    "date_of_deal": "2010-01-02",
    "amount_raised": 4865585.0
  }
},
{
  "model": "companies.deal",
  "pk": 3,
  "fields": {
    "created": "2018-05-02T23:43:08.136Z",
    "modified": "2018-05-02T23:43:08.137Z",
    "company": 4,
    "date_of_deal": "2010-01-10",
    "amount_raised": 9301732.0
  }
},
{
  "model": "companies.deal",
  "pk": 4,
  "fields": {
    "created": "2018-05-02T23:43:08.143Z",
    "modified": "2018-05-02T23:43:08.143Z",
    "company": 14,
    "date_of_deal": "2010-01-10",
    "amount_raised": 3140761.0
  }
},
{
  "model": "companies.deal",
  "pk": 5,
  "fields": {
    "created": "2018-05-02T23:43:08.149Z",
    "modified": "2018-05-02T23:43:08.150Z",
    "company": 10,
    "date_of_deal": "2010-02-05",
    "amount_raised": 6386155.0
  }
},
{
  "model": "companies.deal",
  "pk": 6,
  "fields": {
    "created": "2018-05-02T23:43:08.155Z",
    "modified": "2018-05-02T23:43:08.156Z",
    "company": 18,
    "date_of_deal": "2010-02-18",
    "amount_raised": 3595253.0
  }
},
{
  "model": "companies.deal",
  "pk": 7,
  "fields": {
    "created": "2018-05-02T23:43:08.161Z",
    "modified": "2018-05-02T23:43:08.161Z",
    "company": 17,
    "date_of_deal": "2010-03-26",
    "amount_raised": 8142163.0
  }
},
{
  "model": "companies.deal",
  "pk": 8,
  "fields": {
    "created": "2018-05-02T23:43:08.167Z",
    "modified": "2018-05-02T23:43:08.168Z",
    "company": 10,
    "date_of_deal": "2010-03-07",
    "amount_raised": 3714675.0
  }
},
{
  "model": "companies.deal",
  "pk": 9,
  "fields": {
    "created": "2018-05-02T23:43:08.173Z",
    "modified": "2018-05-02T23:43:08.174Z",
    "company": 14,
    "date_of_deal": "2010-03-11",
    "amount_raised": 7816034.0
  }
},
{
  "model": "companies.deal",
  "pk": 10,
  "fields": {
    "created": "2018-05-02T23:43:08.179Z",
    "modified": "2018-05-02T23:43:08.179Z",
    "company": 20,
    "date_of_deal": "2010-03-21",
    "amount_raised": 5771925.0
  }
},
{
  "model": "companies.deal",
  "pk": 11,
  "fields": {
    "created": "2018-05-02T23:43:08.185Z",
    "modified": "2018-05-02T23:43:08.185Z",
    "company": 11,
    "date_of_deal": "2010-04-17",
    "amount_raised": 5590090.0
  }
},
{
  "model": "companies.deal",
  "pk": 12,
  "fields": {
    "created": "2018-05-02T23:43:08.192Z",
    "modified": "2018-05-02T23:43:08.192Z",
    "company": 8,
    "date_of_deal": "2010-04-25",
    "amount_raised": 9618965.0
  }
},
{
  "model": "companies.deal",
  "pk": 13,
  "fields": {
    "created": "2018-05-02T23:43:08.201Z",
    "modified": "2018-05-02T23:43:08.202Z",
    "company": 16,
    "date_of_deal": "2010-09-05",
    "amount_raised": 2669220.0
  }
},
{
  "model": "companies.deal",
  "pk": 14,
  "fields": {
    "created": "2018-05-02T23:43:08.209Z",
    "modified": "2018-05-02T23:43:08.210Z",
    "company": 17,
    "date_of_deal": "2010-09-07",
    "amount_raised": 6084485.0
  }
},
{
  "model": "companies.deal",
  "pk": 15,
  "fields": {
    "created": "2018-05-02T23:43:08.217Z",
    "modified": "2018-05-02T23:43:08.217Z",
    "company": 6,
    "date_of_deal": "2010-09-04",
    "amount_raised": 8310214.0
  }
},
{
  "model": "companies.deal",
  "pk": 16,
  "fields": {
    "created": "2018-05-02T23:43:08.223Z",
    "modified": "2018-05-02T23:43:08.223Z",
    "company": 8,
    "date_of_deal": "2010-10-20",
    "amount_raised": 6298036.0
  }
},
{
  "model": "companies.deal",
  "pk": 17,
  "fields": {
    "created": "2018-05-02T23:43:08.229Z",
    "modified": "2018-05-02T23:43:08.230Z",
    "company": 4,
    "date_of_deal": "2010-11-24",
    "amount_raised": 350277.0
  }
},
{
  "model": "companies.deal",
  "pk": 18,
  "fields": {
    "created": "2018-05-02T23:43:08.235Z",
    "modified": "2018-05-02T23:43:08.236Z",
    "company": 12,
    "date_of_deal": "2010-11-07",
    "amount_raised": 7330083.0
  }
},
{
  "model": "companies.deal",
  "pk": 19,
  "fields": {
    "created": "2018-05-02T23:43:08.241Z",
    "modified": "2018-05-02T23:43:08.242Z",
    "company": 6,
    "date_of_deal": "2010-11-28",
    "amount_raised": 2652754.0
  }
},
{
  "model": "companies.deal",
  "pk": 20,
  "fields": {
    "created": "2018-05-02T23:43:08.247Z",
    "modified": "2018-05-02T23:43:08.248Z",
    "company": 20,
    "date_of_deal": "2010-12-03",
    "amount_raised": 7351602.0
  }
},
{
  "model": "companies.deal",
  "pk": 21,
  "fields": {
    "created": "2018-05-02T23:43:08.253Z",
    "modified": "2018-05-02T23:43:08.254Z",
    "company": 8,
    "date_of_deal": "2011-02-28",
    "amount_raised": 503098.0
  }
},
{
  "model": "companies.deal",
  "pk": 22,
  "fields": {
    "created": "2018-05-02T23:43:08.261Z",
    "modified": "2018-05-02T23:43:08.261Z",
    "company": 6,
    "date_of_deal": "2011-02-18",
    "amount_raised": 3837606.0
  }
},
{
  "model": "companies.deal",
  "pk": 23,
  "fields": {
    "created": "2018-05-02T23:43:08.266Z",
    "modified": "2018-05-02T23:43:08.266Z",
    "company": 7,
    "date_of_deal": "2011-02-22",
    "amount_raised": 8281162.0
  }
},
{
  "model": "companies.deal",
  "pk": 24,
  "fields": {
    "created": "2018-05-02T23:43:08.273Z",
    "modified": "2018-05-02T23:43:08.273Z",
    "company": 1,
    "date_of_deal": "2011-02-22",
    "amount_raised": 4137457.0
  }
},
{
  "model": "companies.deal",
  "pk": 25,
  "fields": {
    "created": "2018-05-02T23:43:08.280Z",
    "modified": "2018-05-02T23:43:08.281Z",
    "company": 9,
    "date_of_deal": "2011-04-11",
    "amount_raised": 7203304.0
  }
},
{
  "model": "companies.deal",
  "pk": 26,
  "fields": {
    "created": "2018-05-02T23:43:08.286Z",
    "modified": "2018-05-02T23:43:08.287Z",
    "company": 7,
    "date_of_deal": "2011-04-10",
    "amount_raised": 2348495.0
  }
},
{
  "model": "companies.deal",
  "pk": 27,
  "fields": {
    "created": "2018-05-02T23:43:08.293Z",
    "modified": "2018-05-02T23:43:08.294Z",
    "company": 4,
    "date_of_deal": "2011-04-01",
    "amount_raised": 4763124.0
  }
},
{
  "model": "companies.deal",
  "pk": 28,
  "fields": {
    "created": "2018-05-02T23:43:08.303Z",
    "modified": "2018-05-02T23:43:08.304Z",
    "company": 2,
    "date_of_deal": "2011-04-13",
    "amount_raised": 4789723.0
  }
},
{
  "model": "companies.deal",
  "pk": 29,
  "fields": {
    "created": "2018-05-02T23:43:08.313Z",
    "modified": "2018-05-02T23:43:08.313Z",
    "company": 13,
    "date_of_deal": "2011-05-17",
    "amount_raised": 5126720.0
  }
},
{
  "model": "companies.deal",
  "pk": 30,
  "fields": {
    "created": "2018-05-02T23:43:08.318Z",
    "modified": "2018-05-02T23:43:08.319Z",
    "company": 19,
    "date_of_deal": "2011-05-07",
    "amount_raised": 5702312.0
  }
},
{
  "model": "companies.deal",
  "pk": 31,
  "fields": {
    "created": "2018-05-02T23:43:08.325Z",
    "modified": "2018-05-02T23:43:08.326Z",
    "company": 15,
    "date_of_deal": "2011-05-14",
    "amount_raised": 422639.0
  }
},
{
  "model": "companies.deal",
  "pk": 32,
  "fields": {
    "created": "2018-05-02T23:43:08.332Z",
    "modified": "2018-05-02T23:43:08.332Z",
    "company": 15,
    "date_of_deal": "2011-05-11",
    "amount_raised": 4481943.0
  }
},
{
  "model": "companies.deal",
  "pk": 33,
  "fields": {
    "created": "2018-05-02T23:43:08.337Z",
    "modified": "2018-05-02T23:43:08.337Z",
    "company": 18,
    "date_of_deal": "2011-05-01",
    "amount_raised": 4170813.0
  }
},
{
  "model": "companies.deal",
  "pk": 34,
  "fields": {
    "created": "2018-05-02T23:43:08.342Z",
    "modified": "2018-05-02T23:43:08.343Z",
    "company": 20,
    "date_of_deal": "2011-06-07",
    "amount_raised": 6655402.0
  }
},
{
  "model": "companies.deal",
  "pk": 35,
  "fields": {
    "created": "2018-05-02T23:43:08.350Z",
    "modified": "2018-05-02T23:43:08.351Z",
    "company": 9,
    "date_of_deal": "2011-06-01",
    "amount_raised": 8133348.0
  }
},
{
  "model": "companies.deal",
  "pk": 36,
  "fields": {
    "created": "2018-05-02T23:43:08.356Z",
    "modified": "2018-05-02T23:43:08.357Z",
    "company": 20,
    "date_of_deal": "2011-07-02",
    "amount_raised": 2244844.0
  }
},
{
  "model": "companies.deal",
  "pk": 37,
  "fields": {
    "created": "2018-05-02T23:43:08.362Z",
    "modified": "2018-05-02T23:43:08.363Z",
    "company": 13,
    "date_of_deal": "2011-07-01",
    "amount_raised": 2764545.0
  }
},
{
  "model": "companies.deal",
  "pk": 38,
  "fields": {
    "created": "2018-05-02T23:43:08.370Z",
    "modified": "2018-05-02T23:43:08.371Z",
    "company": 16,
    "date_of_deal": "2011-07-06",
    "amount_raised": 1134783.0
  }
},
{
  "model": "companies.deal",
  "pk": 39,
  "fields": {
    "created": "2018-05-02T23:43:08.377Z",
    "modified": "2018-05-02T23:43:08.377Z",
    "company": 10,
    "date_of_deal": "2011-07-01",
    "amount_raised": 4374375.0
  }
},
{
  "model": "companies.deal",
  "pk": 40,
  "fields": {
    "created": "2018-05-02T23:43:08.383Z",
    "modified": "2018-05-02T23:43:08.383Z",
    "company": 14,
    "date_of_deal": "2011-07-04",
    "amount_raised": 3476359.0
  }
},
{
  "model": "companies.deal",
  "pk": 41,
  "fields": {
    "created": "2018-05-02T23:43:08.391Z",
    "modified": "2018-05-02T23:43:08.391Z",
    "company": 15,
    "date_of_deal": "2011-08-07",
    "amount_raised": 596.0
  }
},
{
  "model": "companies.deal",
  "pk": 42,
  "fields": {
    "created": "2018-05-02T23:43:08.397Z",
    "modified": "2018-05-02T23:43:08.397Z",
    "company": 16,
    "date_of_deal": "2011-09-18",
    "amount_raised": 5420192.0
  }
},
{
  "model": "companies.deal",
  "pk": 43,
  "fields": {
    "created": "2018-05-02T23:43:08.402Z",
    "modified": "2018-05-02T23:43:08.403Z",
    "company": 5,
    "date_of_deal": "2011-10-11",
    "amount_raised": 4141451.0
  }
},
{
  "model": "companies.deal",
  "pk": 44,
  "fields": {
    "created": "2018-05-02T23:43:08.409Z",
    "modified": "2018-05-02T23:43:08.410Z",
    "company": 18,
    "date_of_deal": "2011-10-15",
    "amount_raised": 4817988.0
  }
},
{
  "model": "companies.deal",
  "pk": 45,
  "fields": {
    "created": "2018-05-02T23:43:08.415Z",
    "modified": "2018-05-02T23:43:08.416Z",
    "company": 6,
    "date_of_deal": "2011-10-10",
    "amount_raised": 6480799.0
  }
},
{
  "model": "companies.deal",
  "pk": 46,
  "fields": {
    "created": "2018-05-02T23:43:08.422Z",
    "modified": "2018-05-02T23:43:08.422Z",
    "company": 13,
    "date_of_deal": "2011-10-14",
    "amount_raised": 8098716.0
  }
},
{
  "model": "companies.deal",
  "pk": 47,
  "fields": {
    "created": "2018-05-02T23:43:08.430Z",
    "modified": "2018-05-02T23:43:08.430Z",
    "company": 8,
    "date_of_deal": "2011-11-11",
    "amount_raised": 3806374.0
  }
},
{
  "model": "companies.deal",
  "pk": 48,
  "fields": {
    "created": "2018-05-02T23:43:08.436Z",
    "modified": "2018-05-02T23:43:08.437Z",
    "company": 8,
    "date_of_deal": "2011-11-19",
    "amount_raised": 4362283.0
  }
},
{
  "model": "companies.deal",
  "pk": 49,
  "fields": {
    "created": "2018-05-02T23:43:08.442Z",
    "modified": "2018-05-02T23:43:08.442Z",
    "company": 2,
    "date_of_deal": "2011-11-22",
    "amount_raised": 749521.0
  }
},
{
  "model": "companies.deal",
  "pk": 50,
  "fields": {
    "created": "2018-05-02T23:43:08.450Z",
    "modified": "2018-05-02T23:43:08.469Z",
    "company": 3,
    "date_of_deal": "2011-11-07",
    "amount_raised": 5893920.0
  }
},
{
  "model": "companies.deal",
  "pk": 51,
  "fields": {
    "created": "2018-05-02T23:43:08.475Z",
    "modified": "2018-05-02T23:43:08.476Z",
    "company": 12,
    "date_of_deal": "2011-11-07",
    "amount_raised": 2839789.0
  }
},
{
  "model": "companies.deal",
  "pk": 52,
  "fields": {
    "created": "2018-05-02T23:43:08.482Z",
    "modified": "2018-05-02T23:43:08.482Z",
    "company": 13,
    "date_of_deal": "2011-12-04",
    "amount_raised": 3331189.0
  }
},
{
  "model": "companies.deal",
  "pk": 53,
  "fields": {
    "created": "2018-05-02T23:43:08.490Z",
    "modified": "2018-05-02T23:43:08.491Z",
    "company": 11,
    "date_of_deal": "2012-01-11",
    "amount_raised": 3613188.0
  }
},
{
  "model": "companies.deal",
  "pk": 54,
  "fields": {
    "created": "2018-05-02T23:43:08.498Z",
    "modified": "2018-05-02T23:43:08.499Z",
    "company": 19,
    "date_of_deal": "2012-01-16",
    "amount_raised": 734141.0
  }
},
{
  "model": "companies.deal",
  "pk": 55,
  "fields": {
    "created": "2018-05-02T23:43:08.504Z",
    "modified": "2018-05-02T23:43:08.505Z",
    "company": 10,
    "date_of_deal": "2012-01-20",
    "amount_raised": 9534251.0
  }
},
{
  "model": "companies.deal",
  "pk": 56,
  "fields": {
    "created": "2018-05-02T23:43:08.511Z",
    "modified": "2018-05-02T23:43:08.511Z",
    "company": 4,
    "date_of_deal": "2012-04-07",
    "amount_raised": 2592909.0
  }
},
{
  "model": "companies.deal",
  "pk": 57,
  "fields": {
    "created": "2018-05-02T23:43:08.517Z",
    "modified": "2018-05-02T23:43:08.517Z",
    "company": 18,
    "date_of_deal": "2012-04-11",
    "amount_raised": 8794476.0
  }
},
{
  "model": "companies.deal",
  "pk": 58,
  "fields": {
    "created": "2018-05-02T23:43:08.523Z",
    "modified": "2018-05-02T23:43:08.523Z",
    "company": 15,
    "date_of_deal": "2012-04-19",
    "amount_raised": 8298781.0
  }
},
{
  "model": "companies.deal",
  "pk": 59,
  "fields": {
    "created": "2018-05-02T23:43:08.529Z",
    "modified": "2018-05-02T23:43:08.530Z",
    "company": 13,
    "date_of_deal": "2012-05-19",
    "amount_raised": 8314295.0
  }
},
{
  "model": "companies.deal",
  "pk": 60,
  "fields": {
    "created": "2018-05-02T23:43:08.535Z",
    "modified": "2018-05-02T23:43:08.536Z",
    "company": 11,
    "date_of_deal": "2012-05-16",
    "amount_raised": 6128709.0
  }
},
{
  "model": "companies.deal",
  "pk": 61,
  "fields": {
    "created": "2018-05-02T23:43:08.543Z",
    "modified": "2018-05-02T23:43:08.544Z",
    "company": 19,
    "date_of_deal": "2012-05-06",
    "amount_raised": 3806441.0
  }
},
{
  "model": "companies.deal",
  "pk": 62,
  "fields": {
    "created": "2018-05-02T23:43:08.551Z",
    "modified": "2018-05-02T23:43:08.552Z",
    "company": 11,
    "date_of_deal": "2012-05-08",
    "amount_raised": 2526571.0
  }
},
{
  "model": "companies.deal",
  "pk": 63,
  "fields": {
    "created": "2018-05-02T23:43:08.578Z",
    "modified": "2018-05-02T23:43:08.579Z",
    "company": 9,
    "date_of_deal": "2012-05-07",
    "amount_raised": 2624325.0
  }
},
{
  "model": "companies.deal",
  "pk": 64,
  "fields": {
    "created": "2018-05-02T23:43:08.585Z",
    "modified": "2018-05-02T23:43:08.586Z",
    "company": 3,
    "date_of_deal": "2012-06-18",
    "amount_raised": 7282307.0
  }
},
{
  "model": "companies.deal",
  "pk": 65,
  "fields": {
    "created": "2018-05-02T23:43:08.591Z",
    "modified": "2018-05-02T23:43:08.592Z",
    "company": 10,
    "date_of_deal": "2012-07-18",
    "amount_raised": 4393056.0
  }
},
{
  "model": "companies.deal",
  "pk": 66,
  "fields": {
    "created": "2018-05-02T23:43:08.597Z",
    "modified": "2018-05-02T23:43:08.598Z",
    "company": 14,
    "date_of_deal": "2012-07-20",
    "amount_raised": 8986446.0
  }
},
{
  "model": "companies.deal",
  "pk": 67,
  "fields": {
    "created": "2018-05-02T23:43:08.605Z",
    "modified": "2018-05-02T23:43:08.605Z",
    "company": 2,
    "date_of_deal": "2012-07-03",
    "amount_raised": 1726451.0
  }
},
{
  "model": "companies.deal",
  "pk": 68,
  "fields": {
    "created": "2018-05-02T23:43:08.611Z",
    "modified": "2018-05-02T23:43:08.611Z",
    "company": 15,
    "date_of_deal": "2012-08-04",
    "amount_raised": 5151362.0
  }
},
{
  "model": "companies.deal",
  "pk": 69,
  "fields": {
    "created": "2018-05-02T23:43:08.617Z",
    "modified": "2018-05-02T23:43:08.617Z",
    "company": 13,
    "date_of_deal": "2012-09-04",
    "amount_raised": 3330053.0
  }
},
{
  "model": "companies.deal",
  "pk": 70,
  "fields": {
    "created": "2018-05-02T23:43:08.622Z",
    "modified": "2018-05-02T23:43:08.623Z",
    "company": 18,
    "date_of_deal": "2012-09-28",
    "amount_raised": 1410157.0
  }
},
{
  "model": "companies.deal",
  "pk": 71,
  "fields": {
    "created": "2018-05-02T23:43:08.628Z",
    "modified": "2018-05-02T23:43:08.629Z",
    "company": 16,
    "date_of_deal": "2012-09-10",
    "amount_raised": 5659922.0
  }
},
{
  "model": "companies.deal",
  "pk": 72,
  "fields": {
    "created": "2018-05-02T23:43:08.634Z",
    "modified": "2018-05-02T23:43:08.635Z",
    "company": 2,
    "date_of_deal": "2012-09-28",
    "amount_raised": 6831038.0
  }
},
{
  "model": "companies.deal",
  "pk": 73,
  "fields": {
    "created": "2018-05-02T23:43:08.640Z",
    "modified": "2018-05-02T23:43:08.641Z",
    "company": 16,
    "date_of_deal": "2012-09-16",
    "amount_raised": 6593613.0
  }
},
{
  "model": "companies.deal",
  "pk": 74,
  "fields": {
    "created": "2018-05-02T23:43:08.646Z",
    "modified": "2018-05-02T23:43:08.647Z",
    "company": 3,
    "date_of_deal": "2012-12-07",
    "amount_raised": 7276956.0
  }
},
{
  "model": "companies.deal",
  "pk": 75,
  "fields": {
    "created": "2018-05-02T23:43:08.651Z",
    "modified": "2018-05-02T23:43:08.652Z",
    "company": 9,
    "date_of_deal": "2012-12-14",
    "amount_raised": 6524723.0
  }
},
{
  "model": "companies.deal",
  "pk": 76,
  "fields": {
    "created": "2018-05-02T23:43:08.659Z",
    "modified": "2018-05-02T23:43:08.660Z",
    "company": 7,
    "date_of_deal": "2012-12-26",
    "amount_raised": 4518505.0
  }
},
{
  "model": "companies.deal",
  "pk": 77,
  "fields": {
    "created": "2018-05-02T23:43:08.665Z",
    "modified": "2018-05-02T23:43:08.665Z",
    "company": 12,
    "date_of_deal": "2013-01-01",
    "amount_raised": 4722802.0
  }
},
{
  "model": "companies.deal",
  "pk": 78,
  "fields": {
    "created": "2018-05-02T23:43:08.670Z",
    "modified": "2018-05-02T23:43:08.671Z",
    "company": 5,
    "date_of_deal": "2013-01-21",
    "amount_raised": 2356760.0
  }
},
{
  "model": "companies.deal",
  "pk": 79,
  "fields": {
    "created": "2018-05-02T23:43:08.675Z",
    "modified": "2018-05-02T23:43:08.676Z",
    "company": 19,
    "date_of_deal": "2013-01-24",
    "amount_raised": 1478708.0
  }
},
{
  "model": "companies.deal",
  "pk": 80,
  "fields": {
    "created": "2018-05-02T23:43:08.681Z",
    "modified": "2018-05-02T23:43:08.681Z",
    "company": 8,
    "date_of_deal": "2013-02-28",
    "amount_raised": 9933689.0
  }
},
{
  "model": "companies.deal",
  "pk": 81,
  "fields": {
    "created": "2018-05-02T23:43:08.687Z",
    "modified": "2018-05-02T23:43:08.687Z",
    "company": 6,
    "date_of_deal": "2013-02-07",
    "amount_raised": 390678.0
  }
},
{
  "model": "companies.deal",
  "pk": 82,
  "fields": {
    "created": "2018-05-02T23:43:08.694Z",
    "modified": "2018-05-02T23:43:08.694Z",
    "company": 20,
    "date_of_deal": "2013-04-13",
    "amount_raised": 4204250.0
  }
},
{
  "model": "companies.deal",
  "pk": 83,
  "fields": {
    "created": "2018-05-02T23:43:08.700Z",
    "modified": "2018-05-02T23:43:08.700Z",
    "company": 6,
    "date_of_deal": "2013-04-15",
    "amount_raised": 1752517.0
  }
},
{
  "model": "companies.deal",
  "pk": 84,
  "fields": {
    "created": "2018-05-02T23:43:08.706Z",
    "modified": "2018-05-02T23:43:08.707Z",
    "company": 17,
    "date_of_deal": "2013-04-05",
    "amount_raised": 9588447.0
  }
},
{
  "model": "companies.deal",
  "pk": 85,
  "fields": {
    "created": "2018-05-02T23:43:08.711Z",
    "modified": "2018-05-02T23:43:08.712Z",
    "company": 18,
    "date_of_deal": "2013-04-25",
    "amount_raised": 8719449.0
  }
},
{
  "model": "companies.deal",
  "pk": 86,
  "fields": {
    "created": "2018-05-02T23:43:08.718Z",
    "modified": "2018-05-02T23:43:08.718Z",
    "company": 12,
    "date_of_deal": "2013-04-08",
    "amount_raised": 5531087.0
  }
},
{
  "model": "companies.deal",
  "pk": 87,
  "fields": {
    "created": "2018-05-02T23:43:08.723Z",
    "modified": "2018-05-02T23:43:08.724Z",
    "company": 1,
    "date_of_deal": "2013-05-21",
    "amount_raised": 2126223.0
  }
},
{
  "model": "companies.deal",
  "pk": 88,
  "fields": {
    "created": "2018-05-02T23:43:08.729Z",
    "modified": "2018-05-02T23:43:08.729Z",
    "company": 1,
    "date_of_deal": "2013-05-15",
    "amount_raised": 4920358.0
  }
},
{
  "model": "companies.deal",
  "pk": 89,
  "fields": {
    "created": "2018-05-02T23:43:08.734Z",
    "modified": "2018-05-02T23:43:08.734Z",
    "company": 2,
    "date_of_deal": "2013-06-27",
    "amount_raised": 1201512.0
  }
},
{
  "model": "companies.deal",
  "pk": 90,
  "fields": {
    "created": "2018-05-02T23:43:08.739Z",
    "modified": "2018-05-02T23:43:08.739Z",
    "company": 11,
    "date_of_deal": "2013-06-21",
    "amount_raised": 9709708.0
  }
},
{
  "model": "companies.deal",
  "pk": 91,
  "fields": {
    "created": "2018-05-02T23:43:08.744Z",
    "modified": "2018-05-02T23:43:08.744Z",
    "company": 14,
    "date_of_deal": "2013-07-24",
    "amount_raised": 8502919.0
  }
},
{
  "model": "companies.deal",
  "pk": 92,
  "fields": {
    "created": "2018-05-02T23:43:08.750Z",
    "modified": "2018-05-02T23:43:08.751Z",
    "company": 7,
    "date_of_deal": "2013-07-04",
    "amount_raised": 6587003.0
  }
},
{
  "model": "companies.deal",
  "pk": 93,
  "fields": {
    "created": "2018-05-02T23:43:08.757Z",
    "modified": "2018-05-02T23:43:08.757Z",
    "company": 2,
    "date_of_deal": "2013-09-02",
    "amount_raised": 4371264.0
  }
},
{
  "model": "companies.deal",
  "pk": 94,
  "fields": {
    "created": "2018-05-02T23:43:08.764Z",
    "modified": "2018-05-02T23:43:08.764Z",
    "company": 16,
    "date_of_deal": "2013-09-26",
    "amount_raised": 6301240.0
  }
},
{
  "model": "companies.deal",
  "pk": 95,
  "fields": {
    "created": "2018-05-02T23:43:08.769Z",
    "modified": "2018-05-02T23:43:08.769Z",
    "company": 9,
    "date_of_deal": "2013-09-21",
    "amount_raised": 3127897.0
  }
},
{
  "model": "companies.deal",
  "pk": 96,
  "fields": {
    "created": "2018-05-02T23:43:08.774Z",
    "modified": "2018-05-02T23:43:08.774Z",
    "company": 11,
    "date_of_deal": "2013-09-03",
    "amount_raised": 9489324.0
  }
},
{
  "model": "companies.deal",
  "pk": 97,
  "fields": {
    "created": "2018-05-02T23:43:08.779Z",
    "modified": "2018-05-02T23:43:08.780Z",
    "company": 20,
    "date_of_deal": "2013-09-12",
    "amount_raised": 3297393.0
  }
},
{
  "model": "companies.deal",
  "pk": 98,
  "fields": {
    "created": "2018-05-02T23:43:08.785Z",
    "modified": "2018-05-02T23:43:08.785Z",
    "company": 17,
    "date_of_deal": "2013-10-27",
    "amount_raised": 1142308.0
  }
},
{
  "model": "companies.deal",
  "pk": 99,
  "fields": {
    "created": "2018-05-02T23:43:08.791Z",
    "modified": "2018-05-02T23:43:08.791Z",
    "company": 18,
    "date_of_deal": "2013-11-13",
    "amount_raised": 8600196.0
  }
},
{
  "model": "companies.deal",
  "pk": 100,
  "fields": {
    "created": "2018-05-02T23:43:08.797Z",
    "modified": "2018-05-02T23:43:08.798Z",
    "company": 16,
    "date_of_deal": "2013-11-22",
    "amount_raised": 2434117.0
  }
},
{
  "model": "companies.deal",
  "pk": 101,
  "fields": {
    "created": "2018-05-02T23:43:08.803Z",
    "modified": "2018-05-02T23:43:08.804Z",
    "company": 3,
    "date_of_deal": "2013-12-01",
    "amount_raised": 7499610.0
  }
},
{
  "model": "companies.deal",
  "pk": 102,
  "fields": {
    "created": "2018-05-02T23:43:08.810Z",
    "modified": "2018-05-02T23:43:08.810Z",
    "company": 3,
    "date_of_deal": "2013-12-18",
    "amount_raised": 5903872.0
  }
},
{
  "model": "companies.deal",
  "pk": 103,
  "fields": {
    "created": "2018-05-02T23:43:08.816Z",
    "modified": "2018-05-02T23:43:08.817Z",
    "company": 10,
    "date_of_deal": "2013-12-21",
    "amount_raised": 2321369.0
  }
},
{
  "model": "companies.deal",
  "pk": 104,
  "fields": {
    "created": "2018-05-02T23:43:08.822Z",
    "modified": "2018-05-02T23:43:08.823Z",
    "company": 12,
    "date_of_deal": "2014-01-14",
    "amount_raised": 5818337.0
  }
},
{
  "model": "companies.deal",
  "pk": 105,
  "fields": {
    "created": "2018-05-02T23:43:08.829Z",
    "modified": "2018-05-02T23:43:08.830Z",
    "company": 11,
    "date_of_deal": "2014-01-12",
    "amount_raised": 8331357.0
  }
},
{
  "model": "companies.deal",
  "pk": 106,
  "fields": {
    "created": "2018-05-02T23:43:08.837Z",
    "modified": "2018-05-02T23:43:08.837Z",
    "company": 2,
    "date_of_deal": "2014-02-21",
    "amount_raised": 3198519.0
  }
},
{
  "model": "companies.deal",
  "pk": 107,
  "fields": {
    "created": "2018-05-02T23:43:08.843Z",
    "modified": "2018-05-02T23:43:08.844Z",
    "company": 12,
    "date_of_deal": "2014-02-18",
    "amount_raised": 1198117.0
  }
},
{
  "model": "companies.deal",
  "pk": 108,
  "fields": {
    "created": "2018-05-02T23:43:08.850Z",
    "modified": "2018-05-02T23:43:08.850Z",
    "company": 17,
    "date_of_deal": "2014-03-14",
    "amount_raised": 5190173.0
  }
},
{
  "model": "companies.deal",
  "pk": 109,
  "fields": {
    "created": "2018-05-02T23:43:08.856Z",
    "modified": "2018-05-02T23:43:08.856Z",
    "company": 5,
    "date_of_deal": "2014-03-22",
    "amount_raised": 6854480.0
  }
},
{
  "model": "companies.deal",
  "pk": 110,
  "fields": {
    "created": "2018-05-02T23:43:08.862Z",
    "modified": "2018-05-02T23:43:08.862Z",
    "company": 10,
    "date_of_deal": "2014-03-24",
    "amount_raised": 5141890.0
  }
},
{
  "model": "companies.deal",
  "pk": 111,
  "fields": {
    "created": "2018-05-02T23:43:08.868Z",
    "modified": "2018-05-02T23:43:08.869Z",
    "company": 3,
    "date_of_deal": "2014-04-12",
    "amount_raised": 1665436.0
  }
},
{
  "model": "companies.deal",
  "pk": 112,
  "fields": {
    "created": "2018-05-02T23:43:08.874Z",
    "modified": "2018-05-02T23:43:08.875Z",
    "company": 10,
    "date_of_deal": "2014-04-05",
    "amount_raised": 1289060.0
  }
},
{
  "model": "companies.deal",
  "pk": 113,
  "fields": {
    "created": "2018-05-02T23:43:08.880Z",
    "modified": "2018-05-02T23:43:08.881Z",
    "company": 1,
    "date_of_deal": "2014-05-18",
    "amount_raised": 7024252.0
  }
},
{
  "model": "companies.deal",
  "pk": 114,
  "fields": {
    "created": "2018-05-02T23:43:08.887Z",
    "modified": "2018-05-02T23:43:08.887Z",
    "company": 1,
    "date_of_deal": "2014-06-09",
    "amount_raised": 8692355.0
  }
},
{
  "model": "companies.deal",
  "pk": 115,
  "fields": {
    "created": "2018-05-02T23:43:08.893Z",
    "modified": "2018-05-02T23:43:08.894Z",
    "company": 17,
    "date_of_deal": "2014-06-19",
    "amount_raised": 4637925.0
  }
},
{
  "model": "companies.deal",
  "pk": 116,
  "fields": {
    "created": "2018-05-02T23:43:08.899Z",
    "modified": "2018-05-02T23:43:08.900Z",
    "company": 18,
    "date_of_deal": "2014-06-05",
    "amount_raised": 2453726.0
  }
},
{
  "model": "companies.deal",
  "pk": 117,
  "fields": {
    "created": "2018-05-02T23:43:08.905Z",
    "modified": "2018-05-02T23:43:08.906Z",
    "company": 9,
    "date_of_deal": "2014-06-22",
    "amount_raised": 7136451.0
  }
},
{
  "model": "companies.deal",
  "pk": 118,
  "fields": {
    "created": "2018-05-02T23:43:08.912Z",
    "modified": "2018-05-02T23:43:08.913Z",
    "company": 10,
    "date_of_deal": "2014-06-02",
    "amount_raised": 3967931.0
  }
},
{
  "model": "companies.deal",
  "pk": 119,
  "fields": {
    "created": "2018-05-02T23:43:08.919Z",
    "modified": "2018-05-02T23:43:08.920Z",
    "company": 18,
    "date_of_deal": "2014-08-20",
    "amount_raised": 8428594.0
  }
},
{
  "model": "companies.deal",
  "pk": 120,
  "fields": {
    "created": "2018-05-02T23:43:08.925Z",
    "modified": "2018-05-02T23:43:08.926Z",
    "company": 10,
    "date_of_deal": "2014-09-01",
    "amount_raised": 2488274.0
  }
},
{
  "model": "companies.deal",
  "pk": 121,
  "fields": {
    "created": "2018-05-02T23:43:08.931Z",
    "modified": "2018-05-02T23:43:08.932Z",
    "company": 6,
    "date_of_deal": "2014-10-19",
    "amount_raised": 7152947.0
  }
},
{
  "model": "companies.deal",
  "pk": 122,
  "fields": {
    "created": "2018-05-02T23:43:08.937Z",
    "modified": "2018-05-02T23:43:08.938Z",
    "company": 12,
    "date_of_deal": "2014-10-18",
    "amount_raised": 5448900.0
  }
},
{
  "model": "companies.deal",
  "pk": 123,
  "fields": {
    "created": "2018-05-02T23:43:08.943Z",
    "modified": "2018-05-02T23:43:08.944Z",
    "company": 17,
    "date_of_deal": "2014-10-26",
    "amount_raised": 2880431.0
  }
},
{
  "model": "companies.deal",
  "pk": 124,
  "fields": {
    "created": "2018-05-02T23:43:08.949Z",
    "modified": "2018-05-02T23:43:08.949Z",
    "company": 18,
    "date_of_deal": "2014-11-26",
    "amount_raised": 3325636.0
  }
},
{
  "model": "companies.deal",
  "pk": 125,
  "fields": {
    "created": "2018-05-02T23:43:08.955Z",
    "modified": "2018-05-02T23:43:08.956Z",
    "company": 4,
    "date_of_deal": "2014-11-16",
    "amount_raised": 5859245.0
  }
},
{
  "model": "companies.deal",
  "pk": 126,
  "fields": {
    "created": "2018-05-02T23:43:08.961Z",
    "modified": "2018-05-02T23:43:08.962Z",
    "company": 11,
    "date_of_deal": "2014-11-20",
    "amount_raised": 3020150.0
  }
},
{
  "model": "companies.deal",
  "pk": 127,
  "fields": {
    "created": "2018-05-02T23:43:08.967Z",
    "modified": "2018-05-02T23:43:08.968Z",
    "company": 2,
    "date_of_deal": "2014-11-24",
    "amount_raised": 7875843.0
  }
},
{
  "model": "companies.deal",
  "pk": 128,
  "fields": {
    "created": "2018-05-02T23:43:08.974Z",
    "modified": "2018-05-02T23:43:08.974Z",
    "company": 3,
    "date_of_deal": "2014-12-07",
    "amount_raised": 1762689.0
  }
},
{
  "model": "companies.deal",
  "pk": 129,
  "fields": {
    "created": "2018-05-02T23:43:08.981Z",
    "modified": "2018-05-02T23:43:08.982Z",
    "company": 2,
    "date_of_deal": "2014-12-01",
    "amount_raised": 2283831.0
  }
},
{
  "model": "companies.deal",
  "pk": 130,
  "fields": {
    "created": "2018-05-02T23:43:08.987Z",
    "modified": "2018-05-02T23:43:08.988Z",
    "company": 3,
    "date_of_deal": "2014-12-10",
    "amount_raised": 7433391.0
  }
},
{
  "model": "companies.deal",
  "pk": 131,
  "fields": {
    "created": "2018-05-02T23:43:08.993Z",
    "modified": "2018-05-02T23:43:08.994Z",
    "company": 9,
    "date_of_deal": "2015-01-06",
    "amount_raised": 2347544.0
  }
},
{
  "model": "companies.deal",
  "pk": 132,
  "fields": {
    "created": "2018-05-02T23:43:09.000Z",
    "modified": "2018-05-02T23:43:09.000Z",
    "company": 1,
    "date_of_deal": "2015-01-27",
    "amount_raised": 3281162.0
  }
},
{
  "model": "companies.deal",
  "pk": 133,
  "fields": {
    "created": "2018-05-02T23:43:09.006Z",
    "modified": "2018-05-02T23:43:09.006Z",
    "company": 18,
    "date_of_deal": "2015-01-12",
    "amount_raised": 5190818.0
  }
},
{
  "model": "companies.deal",
  "pk": 134,
  "fields": {
    "created": "2018-05-02T23:43:09.012Z",
    "modified": "2018-05-02T23:43:09.012Z",
    "company": 2,
    "date_of_deal": "2015-01-20",
    "amount_raised": 4646510.0
  }
},
{
  "model": "companies.deal",
  "pk": 135,
  "fields": {
    "created": "2018-05-02T23:43:09.018Z",
    "modified": "2018-05-02T23:43:09.018Z",
    "company": 20,
    "date_of_deal": "2015-02-10",
    "amount_raised": 9325790.0
  }
},
{
  "model": "companies.deal",
  "pk": 136,
  "fields": {
    "created": "2018-05-02T23:43:09.023Z",
    "modified": "2018-05-02T23:43:09.024Z",
    "company": 3,
    "date_of_deal": "2015-02-07",
    "amount_raised": 2349246.0
  }
},
{
  "model": "companies.deal",
  "pk": 137,
  "fields": {
    "created": "2018-05-02T23:43:09.030Z",
    "modified": "2018-05-02T23:43:09.030Z",
    "company": 19,
    "date_of_deal": "2015-02-19",
    "amount_raised": 9272051.0
  }
},
{
  "model": "companies.deal",
  "pk": 138,
  "fields": {
    "created": "2018-05-02T23:43:09.036Z",
    "modified": "2018-05-02T23:43:09.037Z",
    "company": 18,
    "date_of_deal": "2015-02-16",
    "amount_raised": 9444781.0
  }
},
{
  "model": "companies.deal",
  "pk": 139,
  "fields": {
    "created": "2018-05-02T23:43:09.043Z",
    "modified": "2018-05-02T23:43:09.043Z",
    "company": 12,
    "date_of_deal": "2015-03-07",
    "amount_raised": 4525579.0
  }
},
{
  "model": "companies.deal",
  "pk": 140,
  "fields": {
    "created": "2018-05-02T23:43:09.048Z",
    "modified": "2018-05-02T23:43:09.049Z",
    "company": 15,
    "date_of_deal": "2015-03-18",
    "amount_raised": 5492995.0
  }
},
{
  "model": "companies.deal",
  "pk": 141,
  "fields": {
    "created": "2018-05-02T23:43:09.055Z",
    "modified": "2018-05-02T23:43:09.055Z",
    "company": 16,
    "date_of_deal": "2015-03-01",
    "amount_raised": 1074152.0
  }
},
{
  "model": "companies.deal",
  "pk": 142,
  "fields": {
    "created": "2018-05-02T23:43:09.061Z",
    "modified": "2018-05-02T23:43:09.062Z",
    "company": 2,
    "date_of_deal": "2015-04-23",
    "amount_raised": 5787753.0
  }
},
{
  "model": "companies.deal",
  "pk": 143,
  "fields": {
    "created": "2018-05-02T23:43:09.067Z",
    "modified": "2018-05-02T23:43:09.068Z",
    "company": 2,
    "date_of_deal": "2015-04-10",
    "amount_raised": 4158419.0
  }
},
{
  "model": "companies.deal",
  "pk": 144,
  "fields": {
    "created": "2018-05-02T23:43:09.073Z",
    "modified": "2018-05-02T23:43:09.074Z",
    "company": 18,
    "date_of_deal": "2015-04-17",
    "amount_raised": 4414295.0
  }
},
{
  "model": "companies.deal",
  "pk": 145,
  "fields": {
    "created": "2018-05-02T23:43:09.080Z",
    "modified": "2018-05-02T23:43:09.081Z",
    "company": 7,
    "date_of_deal": "2015-04-11",
    "amount_raised": 1579047.0
  }
},
{
  "model": "companies.deal",
  "pk": 146,
  "fields": {
    "created": "2018-05-02T23:43:09.089Z",
    "modified": "2018-05-02T23:43:09.089Z",
    "company": 5,
    "date_of_deal": "2015-06-11",
    "amount_raised": 6369982.0
  }
},
{
  "model": "companies.deal",
  "pk": 147,
  "fields": {
    "created": "2018-05-02T23:43:09.095Z",
    "modified": "2018-05-02T23:43:09.095Z",
    "company": 20,
    "date_of_deal": "2015-07-20",
    "amount_raised": 5401821.0
  }
},
{
  "model": "companies.deal",
  "pk": 148,
  "fields": {
    "created": "2018-05-02T23:43:09.100Z",
    "modified": "2018-05-02T23:43:09.101Z",
    "company": 18,
    "date_of_deal": "2015-07-06",
    "amount_raised": 2366422.0
  }
},
{
  "model": "companies.deal",
  "pk": 149,
  "fields": {
    "created": "2018-05-02T23:43:09.106Z",
    "modified": "2018-05-02T23:43:09.106Z",
    "company": 20,
    "date_of_deal": "2015-07-03",
    "amount_raised": 1225740.0
  }
},
{
  "model": "companies.deal",
  "pk": 150,
  "fields": {
    "created": "2018-05-02T23:43:09.112Z",
    "modified": "2018-05-02T23:43:09.113Z",
    "company": 12,
    "date_of_deal": "2015-07-21",
    "amount_raised": 3546580.0
  }
},
{
  "model": "companies.deal",
  "pk": 151,
  "fields": {
    "created": "2018-05-02T23:43:09.118Z",
    "modified": "2018-05-02T23:43:09.118Z",
    "company": 12,
    "date_of_deal": "2015-07-01",
    "amount_raised": 1902056.0
  }
},
{
  "model": "companies.deal",
  "pk": 152,
  "fields": {
    "created": "2018-05-02T23:43:09.124Z",
    "modified": "2018-05-02T23:43:09.125Z",
    "company": 13,
    "date_of_deal": "2015-08-06",
    "amount_raised": 2283401.0
  }
},
{
  "model": "companies.deal",
  "pk": 153,
  "fields": {
    "created": "2018-05-02T23:43:09.131Z",
    "modified": "2018-05-02T23:43:09.131Z",
    "company": 16,
    "date_of_deal": "2015-08-27",
    "amount_raised": 5869106.0
  }
},
{
  "model": "companies.deal",
  "pk": 154,
  "fields": {
    "created": "2018-05-02T23:43:09.137Z",
    "modified": "2018-05-02T23:43:09.137Z",
    "company": 2,
    "date_of_deal": "2015-08-11",
    "amount_raised": 4857220.0
  }
},
{
  "model": "companies.deal",
  "pk": 155,
  "fields": {
    "created": "2018-05-02T23:43:09.143Z",
    "modified": "2018-05-02T23:43:09.143Z",
    "company": 18,
    "date_of_deal": "2015-09-23",
    "amount_raised": 114848.0
  }
},
{
  "model": "companies.deal",
  "pk": 156,
  "fields": {
    "created": "2018-05-02T23:43:09.149Z",
    "modified": "2018-05-02T23:43:09.149Z",
    "company": 6,
    "date_of_deal": "2015-09-26",
    "amount_raised": 8415939.0
  }
},
{
  "model": "companies.deal",
  "pk": 157,
  "fields": {
    "created": "2018-05-02T23:43:09.155Z",
    "modified": "2018-05-02T23:43:09.155Z",
    "company": 7,
    "date_of_deal": "2015-10-27",
    "amount_raised": 9170326.0
  }
},
{
  "model": "companies.deal",
  "pk": 158,
  "fields": {
    "created": "2018-05-02T23:43:09.181Z",
    "modified": "2018-05-02T23:43:09.181Z",
    "company": 11,
    "date_of_deal": "2015-10-11",
    "amount_raised": 9104277.0
  }
},
{
  "model": "companies.deal",
  "pk": 159,
  "fields": {
    "created": "2018-05-02T23:43:09.187Z",
    "modified": "2018-05-02T23:43:09.187Z",
    "company": 13,
    "date_of_deal": "2015-10-15",
    "amount_raised": 5721567.0
  }
},
{
  "model": "companies.deal",
  "pk": 160,
  "fields": {
    "created": "2018-05-02T23:43:09.194Z",
    "modified": "2018-05-02T23:43:09.194Z",
    "company": 10,
    "date_of_deal": "2015-11-12",
    "amount_raised": 4080053.0
  }
},
{
  "model": "companies.deal",
  "pk": 161,
  "fields": {
    "created": "2018-05-02T23:43:09.200Z",
    "modified": "2018-05-02T23:43:09.201Z",
    "company": 13,
    "date_of_deal": "2015-11-08",
    "amount_raised": 4652568.0
  }
},
{
  "model": "companies.deal",
  "pk": 162,
  "fields": {
    "created": "2018-05-02T23:43:09.207Z",
    "modified": "2018-05-02T23:43:09.207Z",
    "company": 9,
    "date_of_deal": "2015-11-08",
    "amount_raised": 8751014.0
  }
},
{
  "model": "companies.deal",
  "pk": 163,
  "fields": {
    "created": "2018-05-02T23:43:09.214Z",
    "modified": "2018-05-02T23:43:09.214Z",
    "company": 18,
    "date_of_deal": "2016-02-25",
    "amount_raised": 8662318.0
  }
},
{
  "model": "companies.deal",
  "pk": 164,
  "fields": {
    "created": "2018-05-02T23:43:09.220Z",
    "modified": "2018-05-02T23:43:09.221Z",
    "company": 18,
    "date_of_deal": "2016-02-16",
    "amount_raised": 5855596.0
  }
},
{
  "model": "companies.deal",
  "pk": 165,
  "fields": {
    "created": "2018-05-02T23:43:09.228Z",
    "modified": "2018-05-02T23:43:09.228Z",
    "company": 20,
    "date_of_deal": "2016-02-15",
    "amount_raised": 7607770.0
  }
},
{
  "model": "companies.deal",
  "pk": 166,
  "fields": {
    "created": "2018-05-02T23:43:09.233Z",
    "modified": "2018-05-02T23:43:09.234Z",
    "company": 17,
    "date_of_deal": "2016-02-05",
    "amount_raised": 741548.0
  }
},
{
  "model": "companies.deal",
  "pk": 167,
  "fields": {
    "created": "2018-05-02T23:43:09.239Z",
    "modified": "2018-05-02T23:43:09.239Z",
    "company": 8,
    "date_of_deal": "2016-03-01",
    "amount_raised": 3468834.0
  }
},
{
  "model": "companies.deal",
  "pk": 168,
  "fields": {
    "created": "2018-05-02T23:43:09.244Z",
    "modified": "2018-05-02T23:43:09.245Z",
    "company": 15,
    "date_of_deal": "2016-04-14",
    "amount_raised": 4522051.0
  }
},
{
  "model": "companies.deal",
  "pk": 169,
  "fields": {
    "created": "2018-05-02T23:43:09.250Z",
    "modified": "2018-05-02T23:43:09.250Z",
    "company": 8,
    "date_of_deal": "2016-05-19",
    "amount_raised": 7239901.0
  }
},
{
  "model": "companies.deal",
  "pk": 170,
  "fields": {
    "created": "2018-05-02T23:43:09.258Z",
    "modified": "2018-05-02T23:43:09.258Z",
    "company": 18,
    "date_of_deal": "2016-05-11",
    "amount_raised": 7851144.0
  }
},
{
  "model": "companies.deal",
  "pk": 171,
  "fields": {
    "created": "2018-05-02T23:43:09.264Z",
    "modified": "2018-05-02T23:43:09.265Z",
    "company": 6,
    "date_of_deal": "2016-05-22",
    "amount_raised": 304548.0
  }
},
{
  "model": "companies.deal",
  "pk": 172,
  "fields": {
    "created": "2018-05-02T23:43:09.269Z",
    "modified": "2018-05-02T23:43:09.270Z",
    "company": 3,
    "date_of_deal": "2016-05-08",
    "amount_raised": 3271546.0
  }
},
{
  "model": "companies.deal",
  "pk": 173,
  "fields": {
    "created": "2018-05-02T23:43:09.275Z",
    "modified": "2018-05-02T23:43:09.275Z",
    "company": 10,
    "date_of_deal": "2016-07-06",
    "amount_raised": 3236733.0
  }
},
{
  "model": "companies.deal",
  "pk": 174,
  "fields": {
    "created": "2018-05-02T23:43:09.281Z",
    "modified": "2018-05-02T23:43:09.282Z",
    "company": 18,
    "date_of_deal": "2016-07-15",
    "amount_raised": 4943662.0
  }
},
{
  "model": "companies.deal",
  "pk": 175,
  "fields": {
    "created": "2018-05-02T23:43:09.287Z",
    "modified": "2018-05-02T23:43:09.288Z",
    "company": 2,
    "date_of_deal": "2016-07-21",
    "amount_raised": 7773621.0
  }
},
{
  "model": "companies.deal",
  "pk": 176,
  "fields": {
    "created": "2018-05-02T23:43:09.294Z",
    "modified": "2018-05-02T23:43:09.294Z",
    "company": 11,
    "date_of_deal": "2016-07-06",
    "amount_raised": 278567.0
  }
},
{
  "model": "companies.deal",
  "pk": 177,
  "fields": {
    "created": "2018-05-02T23:43:09.299Z",
    "modified": "2018-05-02T23:43:09.300Z",
    "company": 7,
    "date_of_deal": "2016-08-13",
    "amount_raised": 3373016.0
  }
},
{
  "model": "companies.deal",
  "pk": 178,
  "fields": {
    "created": "2018-05-02T23:43:09.306Z",
    "modified": "2018-05-02T23:43:09.306Z",
    "company": 5,
    "date_of_deal": "2016-08-28",
    "amount_raised": 9836318.0
  }
},
{
  "model": "companies.deal",
  "pk": 179,
  "fields": {
    "created": "2018-05-02T23:43:09.313Z",
    "modified": "2018-05-02T23:43:09.314Z",
    "company": 6,
    "date_of_deal": "2016-10-21",
    "amount_raised": 1997012.0
  }
},
{
  "model": "companies.deal",
  "pk": 180,
  "fields": {
    "created": "2018-05-02T23:43:09.319Z",
    "modified": "2018-05-02T23:43:09.320Z",
    "company": 8,
    "date_of_deal": "2016-11-15",
    "amount_raised": 3511131.0
  }
},
{
  "model": "companies.deal",
  "pk": 181,
  "fields": {
    "created": "2018-05-02T23:43:09.325Z",
    "modified": "2018-05-02T23:43:09.326Z",
    "company": 2,
    "date_of_deal": "2016-11-15",
    "amount_raised": 6812890.0
  }
},
{
  "model": "companies.deal",
  "pk": 182,
  "fields": {
    "created": "2018-05-02T23:43:09.331Z",
    "modified": "2018-05-02T23:43:09.332Z",
    "company": 9,
    "date_of_deal": "2016-11-19",
    "amount_raised": 6549875.0
  }
},
{
  "model": "companies.deal",
  "pk": 183,
  "fields": {
    "created": "2018-05-02T23:43:09.339Z",
    "modified": "2018-05-02T23:43:09.340Z",
    "company": 19,
    "date_of_deal": "2016-11-07",
    "amount_raised": 8724316.0
  }
},
{
  "model": "companies.deal",
  "pk": 184,
  "fields": {
    "created": "2018-05-02T23:43:09.344Z",
    "modified": "2018-05-02T23:43:09.345Z",
    "company": 6,
    "date_of_deal": "2016-11-26",
    "amount_raised": 5741706.0
  }
},
{
  "model": "companies.deal",
  "pk": 185,
  "fields": {
    "created": "2018-05-02T23:43:09.349Z",
    "modified": "2018-05-02T23:43:09.349Z",
    "company": 7,
    "date_of_deal": "2016-12-26",
    "amount_raised": 4374652.0
  }
},
{
  "model": "companies.deal",
  "pk": 186,
  "fields": {
    "created": "2018-05-02T23:43:09.355Z",
    "modified": "2018-05-02T23:43:09.355Z",
    "company": 6,
    "date_of_deal": "2016-12-23",
    "amount_raised": 4927389.0
  }
},
{
  "model": "companies.deal",
  "pk": 187,
  "fields": {
    "created": "2018-05-02T23:43:09.361Z",
    "modified": "2018-05-02T23:43:09.362Z",
    "company": 13,
    "date_of_deal": "2016-12-10",
    "amount_raised": 2047647.0
  }
},
{
  "model": "companies.deal",
  "pk": 188,
  "fields": {
    "created": "2018-05-02T23:43:09.367Z",
    "modified": "2018-05-02T23:43:09.368Z",
    "company": 2,
    "date_of_deal": "2016-12-12",
    "amount_raised": 8599050.0
  }
},
{
  "model": "companies.deal",
  "pk": 189,
  "fields": {
    "created": "2018-05-02T23:43:09.374Z",
    "modified": "2018-05-02T23:43:09.374Z",
    "company": 5,
    "date_of_deal": "2017-01-03",
    "amount_raised": 1905706.0
  }
},
{
  "model": "companies.deal",
  "pk": 190,
  "fields": {
    "created": "2018-05-02T23:43:09.380Z",
    "modified": "2018-05-02T23:43:09.381Z",
    "company": 11,
    "date_of_deal": "2017-01-09",
    "amount_raised": 1949845.0
  }
},
{
  "model": "companies.deal",
  "pk": 191,
  "fields": {
    "created": "2018-05-02T23:43:09.387Z",
    "modified": "2018-05-02T23:43:09.388Z",
    "company": 16,
    "date_of_deal": "2017-01-07",
    "amount_raised": 8308623.0
  }
},
{
  "model": "companies.deal",
  "pk": 192,
  "fields": {
    "created": "2018-05-02T23:43:09.393Z",
    "modified": "2018-05-02T23:43:09.394Z",
    "company": 5,
    "date_of_deal": "2017-02-10",
    "amount_raised": 6477886.0
  }
},
{
  "model": "companies.deal",
  "pk": 193,
  "fields": {
    "created": "2018-05-02T23:43:09.399Z",
    "modified": "2018-05-02T23:43:09.399Z",
    "company": 6,
    "date_of_deal": "2017-02-15",
    "amount_raised": 6000531.0
  }
},
{
  "model": "companies.deal",
  "pk": 194,
  "fields": {
    "created": "2018-05-02T23:43:09.405Z",
    "modified": "2018-05-02T23:43:09.406Z",
    "company": 3,
    "date_of_deal": "2017-02-03",
    "amount_raised": 6469501.0
  }
},
{
  "model": "companies.deal",
  "pk": 195,
  "fields": {
    "created": "2018-05-02T23:43:09.412Z",
    "modified": "2018-05-02T23:43:09.412Z",
    "company": 13,
    "date_of_deal": "2017-04-10",
    "amount_raised": 6449924.0
  }
},
{
  "model": "companies.deal",
  "pk": 196,
  "fields": {
    "created": "2018-05-02T23:43:09.419Z",
    "modified": "2018-05-02T23:43:09.420Z",
    "company": 6,
    "date_of_deal": "2017-04-14",
    "amount_raised": 7943363.0
  }
},
{
  "model": "companies.deal",
  "pk": 197,
  "fields": {
    "created": "2018-05-02T23:43:09.426Z",
    "modified": "2018-05-02T23:43:09.426Z",
    "company": 16,
    "date_of_deal": "2017-04-16",
    "amount_raised": 3111168.0
  }
},
{
  "model": "companies.deal",
  "pk": 198,
  "fields": {
    "created": "2018-05-02T23:43:09.433Z",
    "modified": "2018-05-02T23:43:09.433Z",
    "company": 5,
    "date_of_deal": "2017-04-21",
    "amount_raised": 9969108.0
  }
},
{
  "model": "companies.deal",
  "pk": 199,
  "fields": {
    "created": "2018-05-02T23:43:09.439Z",
    "modified": "2018-05-02T23:43:09.440Z",
    "company": 16,
    "date_of_deal": "2017-05-12",
    "amount_raised": 958200.0
  }
},
{
  "model": "companies.deal",
  "pk": 200,
  "fields": {
    "created": "2018-05-02T23:43:09.446Z",
    "modified": "2018-05-02T23:43:09.446Z",
    "company": 20,
    "date_of_deal": "2017-06-27",
    "amount_raised": 8336816.0
  }
},
{
  "model": "companies.deal",
  "pk": 201,
  "fields": {
    "created": "2018-05-02T23:43:09.453Z",
    "modified": "2018-05-02T23:43:09.454Z",
    "company": 16,
    "date_of_deal": "2017-06-23",
    "amount_raised": 1157852.0
  }
},
{
  "model": "companies.deal",
  "pk": 202,
  "fields": {
    "created": "2018-05-02T23:43:09.460Z",
    "modified": "2018-05-02T23:43:09.461Z",
    "company": 16,
    "date_of_deal": "2017-06-20",
    "amount_raised": 2094720.0
  }
},
{
  "model": "companies.deal",
  "pk": 203,
  "fields": {
    "created": "2018-05-02T23:43:09.466Z",
    "modified": "2018-05-02T23:43:09.467Z",
    "company": 10,
    "date_of_deal": "2017-06-09",
    "amount_raised": 3496456.0
  }
},
{
  "model": "companies.deal",
  "pk": 204,
  "fields": {
    "created": "2018-05-02T23:43:09.472Z",
    "modified": "2018-05-02T23:43:09.473Z",
    "company": 2,
    "date_of_deal": "2017-07-25",
    "amount_raised": 3409195.0
  }
},
{
  "model": "companies.deal",
  "pk": 205,
  "fields": {
    "created": "2018-05-02T23:43:09.478Z",
    "modified": "2018-05-02T23:43:09.479Z",
    "company": 5,
    "date_of_deal": "2017-07-11",
    "amount_raised": 3162010.0
  }
},
{
  "model": "companies.deal",
  "pk": 206,
  "fields": {
    "created": "2018-05-02T23:43:09.484Z",
    "modified": "2018-05-02T23:43:09.484Z",
    "company": 20,
    "date_of_deal": "2017-07-22",
    "amount_raised": 7073918.0
  }
},
{
  "model": "companies.deal",
  "pk": 207,
  "fields": {
    "created": "2018-05-02T23:43:09.490Z",
    "modified": "2018-05-02T23:43:09.491Z",
    "company": 10,
    "date_of_deal": "2017-07-04",
    "amount_raised": 884300.0
  }
},
{
  "model": "companies.deal",
  "pk": 208,
  "fields": {
    "created": "2018-05-02T23:43:09.497Z",
    "modified": "2018-05-02T23:43:09.497Z",
    "company": 7,
    "date_of_deal": "2017-08-08",
    "amount_raised": 9964143.0
  }
},
{
  "model": "companies.deal",
  "pk": 209,
  "fields": {
    "created": "2018-05-02T23:43:09.504Z",
    "modified": "2018-05-02T23:43:09.505Z",
    "company": 10,
    "date_of_deal": "2017-09-04",
    "amount_raised": 8456843.0
  }
},
{
  "model": "companies.deal",
  "pk": 210,
  "fields": {
    "created": "2018-05-02T23:43:09.511Z",
    "modified": "2018-05-02T23:43:09.512Z",
    "company": 15,
    "date_of_deal": "2017-10-28",
    "amount_raised": 1474850.0
  }
},
{
  "model": "companies.deal",
  "pk": 211,
  "fields": {
    "created": "2018-05-02T23:43:09.518Z",
    "modified": "2018-05-02T23:43:09.518Z",
    "company": 19,
    "date_of_deal": "2017-11-13",
    "amount_raised": 4441069.0
  }
},
{
  "model": "companies.deal",
  "pk": 212,
  "fields": {
    "created": "2018-05-02T23:43:09.524Z",
    "modified": "2018-05-02T23:43:09.525Z",
    "company": 10,
    "date_of_deal": "2017-12-04",
    "amount_raised": 3438227.0
  }
},
{
  "model": "companies.deal",
  "pk": 213,
  "fields": {
    "created": "2018-05-02T23:43:09.532Z",
    "modified": "2018-05-02T23:43:09.533Z",
    "company": 14,
    "date_of_deal": "2017-12-07",
    "amount_raised": 4414787.0
  }
},
{
  "model": "companies.deal",
  "pk": 214,
  "fields": {
    "created": "2018-05-02T23:43:09.539Z",
    "modified": "2018-05-02T23:43:09.540Z",
    "company": 10,
    "date_of_deal": "2017-12-16",
    "amount_raised": 7778872.0
  }
},
{
  "model": "companies.deal",
  "pk": 215,
  "fields": {
    "created": "2018-05-02T23:43:09.545Z",
    "modified": "2018-05-02T23:43:09.545Z",
    "company": 12,
    "date_of_deal": "2017-12-05",
    "amount_raised": 1971880.0
  }
},
{
  "model": "companies.employee",
  "pk": 1,
  "fields": {
    "created": "2018-05-02T23:43:07.614Z",
    "modified": "2018-05-02T23:43:07.614Z",
    "company": 1,
    "name": "Leslie Hernandez",
    "job_title": "IT sales professional",
    "gender": "M",
    "email": "leslie-hernandez@site.com",
    "phone_number": ""
  }
},
{
  "model": "companies.employee",
  "pk": 2,
  "fields": {
    "created": "2018-05-02T23:43:07.635Z",
    "modified": "2018-05-02T23:43:07.635Z",
    "company": 2,
    "name": "Matthew Hardy",
    "job_title": "Pathologist",
    "gender": "O",
    "email": "matthew-hardy@site.com",
    "phone_number": ""
  }
},
{
  "model": "companies.employee",
  "pk": 3,
  "fields": {
    "created": "2018-05-02T23:43:07.661Z",
    "modified": "2018-05-02T23:43:07.661Z",
    "company": 4,
    "name": "Carrie Houston",
    "job_title": "Retail banker",
    "gender": "F",
    "email": "carrie-houston@site.com",
    "phone_number": ""
  }
},
{
  "model": "companies.employee",
  "pk": 4,
  "fields": {
    "created": "2018-05-02T23:43:07.668Z",
    "modified": "2018-05-02T23:43:07.668Z",
    "company": 4,
    "name": "John Parks",
    "job_title": "Pharmacologist",
    "gender": "O",
    "email": "john-parks@site.com",
    "phone_number": ""
  }
},
{
  "model": "companies.employee",
  "pk": 5,
  "fields": {
    "created": "2018-05-02T23:43:07.675Z",
    "modified": "2018-05-02T23:43:07.675Z",
    "company": 4,
    "name": "Crystal Jackson",
    "job_title": "Phytotherapist",
    "gender": "O",
    "email": "crystal-jackson@site.com",
    "phone_number": ""
  }
},
{
  "model": "companies.employee",
  "pk": 6,
  "fields": {
    "created": "2018-05-02T23:43:07.682Z",
    "modified": "2018-05-02T23:43:07.683Z",
    "company": 4,
    "name": "Stephanie Melton",
    "job_title": "Engineer, manufacturing",
    "gender": "F",
    "email": "stephanie-melton@site.com",
    "phone_number": ""
  }
},
{
  "model": "companies.employee",
  "pk": 7,
  "fields": {
    "created": "2018-05-02T23:43:07.691Z",
    "modified": "2018-05-02T23:43:07.691Z",
    "company": 4,
    "name": "Theresa Guzman",
    "job_title": "Teaching laboratory technician",
    "gender": "F",
    "email": "theresa-guzman@site.com",
    "phone_number": ""
  }
},
{
  "model": "companies.employee",
  "pk": 8,
  "fields": {
    "created": "2018-05-02T23:43:07.713Z",
    "modified": "2018-05-02T23:43:07.713Z",
    "company": 5,
    "name": "Cassandra Brown",
    "job_title": "Sales executive",
    "gender": "O",
    "email": "cassandra-brown@site.com",
    "phone_number": ""
  }
},
{
  "model": "companies.employee",
  "pk": 9,
  "fields": {
    "created": "2018-05-02T23:43:07.740Z",
    "modified": "2018-05-02T23:43:07.741Z",
    "company": 7,
    "name": "Erica Hale",
    "job_title": "Horticultural therapist",
    "gender": "M",
    "email": "erica-hale@site.com",
    "phone_number": ""
  }
},
{
  "model": "companies.employee",
  "pk": 10,
  "fields": {
    "created": "2018-05-02T23:43:07.749Z",
    "modified": "2018-05-02T23:43:07.750Z",
    "company": 7,
    "name": "Nathaniel Nicholson",
    "job_title": "Education officer, museum",
    "gender": "M",
    "email": "nathaniel-nicholson@site.com",
    "phone_number": ""
  }
},
{
  "model": "companies.employee",
  "pk": 11,
  "fields": {
    "created": "2018-05-02T23:43:07.779Z",
    "modified": "2018-05-02T23:43:07.779Z",
    "company": 9,
    "name": "William Anderson",
    "job_title": "Sports administrator",
    "gender": "M",
    "email": "william-anderson@site.com",
    "phone_number": ""
  }
},
{
  "model": "companies.employee",
  "pk": 12,
  "fields": {
    "created": "2018-05-02T23:43:07.786Z",
    "modified": "2018-05-02T23:43:07.787Z",
    "company": 9,
    "name": "Nathan Serrano",
    "job_title": "Archaeologist",
    "gender": "M",
    "email": "nathan-serrano@site.com",
    "phone_number": ""
  }
},
{
  "model": "companies.employee",
  "pk": 13,
  "fields": {
    "created": "2018-05-02T23:43:07.795Z",
    "modified": "2018-05-02T23:43:07.795Z",
    "company": 9,
    "name": "Andrew Brown",
    "job_title": "Data processing manager",
    "gender": "F",
    "email": "andrew-brown@site.com",
    "phone_number": ""
  }
},
{
  "model": "companies.employee",
  "pk": 14,
  "fields": {
    "created": "2018-05-02T23:43:07.818Z",
    "modified": "2018-05-02T23:43:07.818Z",
    "company": 10,
    "name": "Rachel Johnson",
    "job_title": "Education administrator",
    "gender": "O",
    "email": "rachel-johnson@site.com",
    "phone_number": ""
  }
},
{
  "model": "companies.employee",
  "pk": 15,
  "fields": {
    "created": "2018-05-02T23:43:07.842Z",
    "modified": "2018-05-02T23:43:07.842Z",
    "company": 11,
    "name": "Isaac Schultz",
    "job_title": "Publishing copy",
    "gender": "F",
    "email": "isaac-schultz@site.com",
    "phone_number": ""
  }
},
{
  "model": "companies.employee",
  "pk": 16,
  "fields": {
    "created": "2018-05-02T23:43:07.866Z",
    "modified": "2018-05-02T23:43:07.866Z",
    "company": 12,
    "name": "Taylor Carroll",
    "job_title": "Equality and diversity officer",
    "gender": "M",
    "email": "taylor-carroll@site.com",
    "phone_number": ""
  }
},
{
  "model": "companies.employee",
  "pk": 17,
  "fields": {
    "created": "2018-05-02T23:43:07.873Z",
    "modified": "2018-05-02T23:43:07.874Z",
    "company": 12,
    "name": "Richard Bell",
    "job_title": "Commissioning editor",
    "gender": "M",
    "email": "richard-bell@site.com",
    "phone_number": ""
  }
},
{
  "model": "companies.employee",
  "pk": 18,
  "fields": {
    "created": "2018-05-02T23:43:07.882Z",
    "modified": "2018-05-02T23:43:07.882Z",
    "company": 12,
    "name": "Bradley Wagner",
    "job_title": "Commercial art gallery manager",
    "gender": "M",
    "email": "bradley-wagner@site.com",
    "phone_number": ""
  }
},
{
  "model": "companies.employee",
  "pk": 19,
  "fields": {
    "created": "2018-05-02T23:43:07.889Z",
    "modified": "2018-05-02T23:43:07.890Z",
    "company": 12,
    "name": "Matthew Gibson",
    "job_title": "Multimedia specialist",
    "gender": "M",
    "email": "matthew-gibson@site.com",
    "phone_number": ""
  }
},
{
  "model": "companies.employee",
  "pk": 20,
  "fields": {
    "created": "2018-05-02T23:43:07.897Z",
    "modified": "2018-05-02T23:43:07.897Z",
    "company": 12,
    "name": "Jill Davis",
    "job_title": "Engineer, site",
    "gender": "F",
    "email": "jill-davis@site.com",
    "phone_number": ""
  }
},
{
  "model": "companies.employee",
  "pk": 21,
  "fields": {
    "created": "2018-05-02T23:43:07.928Z",
    "modified": "2018-05-02T23:43:07.928Z",
    "company": 14,
    "name": "Brittany Martinez",
    "job_title": "Merchant navy officer",
    "gender": "O",
    "email": "brittany-martinez@site.com",
    "phone_number": ""
  }
},
{
  "model": "companies.employee",
  "pk": 22,
  "fields": {
    "created": "2018-05-02T23:43:07.936Z",
    "modified": "2018-05-02T23:43:07.937Z",
    "company": 14,
    "name": "Sarah White",
    "job_title": "Therapist, occupational",
    "gender": "M",
    "email": "sarah-white@site.com",
    "phone_number": ""
  }
},
{
  "model": "companies.employee",
  "pk": 23,
  "fields": {
    "created": "2018-05-02T23:43:07.962Z",
    "modified": "2018-05-02T23:43:07.962Z",
    "company": 15,
    "name": "Heather Casey",
    "job_title": "Programmer, multimedia",
    "gender": "M",
    "email": "heather-casey@site.com",
    "phone_number": ""
  }
},
{
  "model": "companies.employee",
  "pk": 24,
  "fields": {
    "created": "2018-05-02T23:43:07.969Z",
    "modified": "2018-05-02T23:43:07.969Z",
    "company": 15,
    "name": "Mark Mendez",
    "job_title": "Audiological scientist",
    "gender": "O",
    "email": "mark-mendez@site.com",
    "phone_number": ""
  }
},
{
  "model": "companies.employee",
  "pk": 25,
  "fields": {
    "created": "2018-05-02T23:43:08.009Z",
    "modified": "2018-05-02T23:43:08.009Z",
    "company": 18,
    "name": "Brian Cross",
    "job_title": "Research scientist (medical)",
    "gender": "O",
    "email": "brian-cross@site.com",
    "phone_number": ""
  }
},
{
  "model": "companies.employee",
  "pk": 26,
  "fields": {
    "created": "2018-05-02T23:43:08.018Z",
    "modified": "2018-05-02T23:43:08.018Z",
    "company": 18,
    "name": "Suzanne Norris",
    "job_title": "Pharmacist, hospital",
    "gender": "M",
    "email": "suzanne-norris@site.com",
    "phone_number": ""
  }
},
{
  "model": "companies.employee",
  "pk": 27,
  "fields": {
    "created": "2018-05-02T23:43:08.025Z",
    "modified": "2018-05-02T23:43:08.026Z",
    "company": 18,
    "name": "Samuel Rodriguez",
    "job_title": "Geneticist, molecular",
    "gender": "O",
    "email": "samuel-rodriguez@site.com",
    "phone_number": ""
  }
},
{
  "model": "companies.employee",
  "pk": 28,
  "fields": {
    "created": "2018-05-02T23:43:08.033Z",
    "modified": "2018-05-02T23:43:08.033Z",
    "company": 18,
    "name": "Patricia Burnett",
    "job_title": "Public house manager",
    "gender": "O",
    "email": "patricia-burnett@site.com",
    "phone_number": ""
  }
},
{
  "model": "companies.employee",
  "pk": 29,
  "fields": {
    "created": "2018-05-02T23:43:08.057Z",
    "modified": "2018-05-02T23:43:08.057Z",
    "company": 19,
    "name": "James White",
    "job_title": "Ceramics designer",
    "gender": "F",
    "email": "james-white@site.com",
    "phone_number": ""
  }
},
{
  "model": "companies.employee",
  "pk": 30,
  "fields": {
    "created": "2018-05-02T23:43:08.065Z",
    "modified": "2018-05-02T23:43:08.065Z",
    "company": 19,
    "name": "Julie Beard",
    "job_title": "Therapist, nutritional",
    "gender": "M",
    "email": "julie-beard@site.com",
    "phone_number": ""
  }
},
{
  "model": "companies.employee",
  "pk": 31,
  "fields": {
    "created": "2018-05-02T23:43:08.073Z",
    "modified": "2018-05-02T23:43:08.073Z",
    "company": 19,
    "name": "Richard Dominguez",
    "job_title": "Hydrogeologist",
    "gender": "M",
    "email": "richard-dominguez@site.com",
    "phone_number": ""
  }
},
{
  "model": "companies.employee",
  "pk": 32,
  "fields": {
    "created": "2018-05-02T23:43:08.080Z",
    "modified": "2018-05-02T23:43:08.080Z",
    "company": 19,
    "name": "Shawn Nelson",
    "job_title": "Psychiatrist",
    "gender": "F",
    "email": "shawn-nelson@site.com",
    "phone_number": ""
  }
},
{
  "model": "companies.employee",
  "pk": 33,
  "fields": {
    "created": "2018-05-02T23:43:08.101Z",
    "modified": "2018-05-02T23:43:08.102Z",
    "company": 20,
    "name": "James Bradford",
    "job_title": "Chief Financial Officer",
    "gender": "O",
    "email": "james-bradford@site.com",
    "phone_number": ""
  }
},
{
  "model": "companies.employee",
  "pk": 34,
  "fields": {
    "created": "2018-05-02T23:43:08.109Z",
    "modified": "2018-05-02T23:43:08.110Z",
    "company": 20,
    "name": "David Estrada",
    "job_title": "Financial manager",
    "gender": "M",
    "email": "david-estrada@site.com",
    "phone_number": ""
  }
}
]
